ID,Title,Author(s),Source,Journal,Language(s),Publication year,Fulltext URL 
" ""S0188-88972015000200239-mex""","Riqueza de moluscos acuáticos en las Cuencas Hidrológicas Río Grijalva-Villahermosa y Río Tonalá, Lagunas del Carmen-Machona en Tabasco, México","Mellado Hernández, Sujeidy Vianey, Rangel Ruíz, Luis José, Gamboa Aguilar, Jaquelina, Arévalo de la Cruz, Juan Armando, Montiel Moreno, Joel, García Morales, Miguelina, Arias García, Silvia, Padrón López, Rosa Martha, Pacheco Figueroa, Coral Jazvel, Gama Campillo, Lilia",Hidrobiológica; 25(2); 239-247,Hidrobiológica,Espanhol,2015,http://www.scielo.org.mx/scielo.php?script=sci_arttext&pid=S0188-88972015000200239&lang=pt 
S0185-38802008000300004-mex,"Efectos de la exposición al arsénico en Corbicula fluminea: Evaluación de las respuestas histológicas, histoquímicas y bioquímicas","Diniz, MS, Santos, HM, Costa, PM, Peres, I, Costa, MH, Alves, S, Capelo-Martinez, JL",Ciencias marinas; 34(3); 307-316,Ciencias marinas,Espanhol,2008,http://www.scielo.org.mx/scielo.php?script=sci_arttext&pid=S0185-38802008000300004&lang=pt 
S0188-88972017000100115-mex,Reconstrucción filogenética de Sphaeriidae (Veneroida: Bivalvia) y la posición filogenética de Pisidium chilense,"Fuentealba-Jara, Carmen, D’Elia, Guillermo, González, Fidelina, Franco-Jaccard, Cristian",Hidrobiológica; 27(1); 115-117,Hidrobiológica,Espanhol,2017,http://www.scielo.org.mx/scielo.php?script=sci_arttext&pid=S0188-88972017000100115&lang=pt 
S1870-34532017000200450-mex,"Nuevos registros de la almeja asiática invasora Corbicula fluminea (Bivalvia: Veneroida: Cyrenidae) en humedales de las cuencas Papaloapan, Grijalva y Usumacinta","Barba-Macías, Everardo, Trinidad-Ocaña, Cinthia",Revista mexicana de biodiversidad; 88(2); 450-453,Revista mexicana de biodiversidad,Espanhol,2017,http://www.scielo.org.mx/scielo.php?script=sci_arttext&pid=S1870-34532017000200450&lang=pt 
S0188-88972016000300419-mex,"Macroinvertebrados bentónicos de dos lagos tropicales de alta montaña en el volcán Nevado de Toluca, en la región central de México","Oseguera, Luis A., Alcocer, Javier, Escobar, Elva",Hidrobiológica; 26(3); 419-432,Hidrobiológica,Espanhol,2016,http://www.scielo.org.mx/scielo.php?script=sci_arttext&pid=S0188-88972016000300419&lang=pt 
S1870-74592019000200108-mex,¿Amenaza un bivalvo exótico al rascón picudo en Baja California?,"Moreno-Higareda, Hiram Rafael, Campos, Ernesto, Cueva, Horacio de la, García-Zárate, Marco A., Martínez-Ríos Del Río, Laura",Huitzil; 20(2); -,Huitzil,Espanhol,2019,http://www.scielo.org.mx/scielo.php?script=sci_arttext&pid=S1870-74592019000200108&lang=pt 
S0717-65382019000100021-chl,"Time lapse photography with two different camera systems for in situ observation of the bivalve Diplodon chilensis (Gray, 1828) in a southern Chilean lake","Kohlberg, Gesche, Herbst, Anne, Niedzwiedz, Gerd, Woelfl, Stefan, Nimptsch, Jorge, Schories, Dirk",Gayana (Concepción); 83(1); 21-32,Gayana (Concepción),Inglês,2019,http://www.scielo.cl/scielo.php?script=sci_arttext&pid=S0717-65382019000100021&lang=pt 
S1659-42662017000100039-cri,"Taxonomic position and glochidia from the freshwater mussel, Anodonta luteola (Unionoida: Unionidae), in Costa Rica","Cruz, Rafael A., Quesada, Rebeca",Cuadernos de Investigación UNED; 9(1); 39-43,Cuadernos de Investigación UNED,Inglês,2017,http://www.scielo.sa.cr/scielo.php?script=sci_arttext&pid=S1659-42662017000100039&lang=pt 
S1726-22162018000200003-per,Invertebrados bentónicos como bioindicadores de calidad de agua en lagunas Altoandinas del Perú,"Tapia, Liliana, Sánchez, Tito, Baylón, Maribel, Jara, Enoc, Arteaga, Caren, Maceda, Diego, Salvatierra, Alan",Ecología Aplicada; 17(2); 149-163,Ecología Aplicada,Espanhol,2018,http://www.scielo.org.pe/scielo.php?script=sci_arttext&pid=S1726-22162018000200003&lang=pt 
S0034-77442016000200747-cri,Patrones espaciales en comunidades de macroinvertebrados acuáticos de la Puna Argentina,"Nieto, Carolina, Malizia, Agustina, Carilla, Julieta, Izquierdo, Andrea, Rodríguez, José, Cuello, Soledad, Zannier, Martín, Grau, H. Ricardo",Revista de Biología Tropical; 64(2); 747-762,Revista de Biología Tropical,Espanhol,2016,http://www.scielo.sa.cr/scielo.php?script=sci_arttext&pid=S0034-77442016000200747&lang=pt 
S1025-02552007000200008-cub,"PRESENCIA Y DISTRIBUCIÓN DE CORBICULA FLUMINEA (MÜLLER, 1774) (BIVALVIA: CORBICULIDAE) EN CAMAGÜEY, UN PROBABLE COMPETIDOR DE MOLUSCOS DE INTERÉS SANITARIO","Diéguez Fernández, Lorenzo, Rodríguez de la Vega, Ricardo, Vázquez Capote, Raisa, Cruz Pineda, Carlos Alberto",Revista Archivo Médico de Camagüey; 11(2); -,Revista Archivo Médico de Camagüey,Espanhol,2007,http://scielo.sld.cu/scielo.php?script=sci_arttext&pid=S1025-02552007000200008&lang=pt 
S1676-06032021000300206-scl,Limnoperna fortunei - Updating the geographic distribution in the Brazilian watersheds and mapping the regional occurrence in the Upper Uruguay River basin,"Hermes-Silva, Samara, Ribolli, Josiane, Ávila-Simas, Sunshine de, Zaniboni-Filho, Evoy, Cardoso, Grasiela Fagundes Minatto, Nuñer, Alex Pires de Oliveira",Biota Neotropica; 21(3); -,Biota Neotropica,Inglês,2021,http://www.scielo.br/scielo.php?script=sci_arttext&pid=S1676-06032021000300206&lang=pt 
S0717-65382009000100008-chl,"REGISTRO ACTUAL DE ESPECIES DEL GENERO MUSCULIUM LINK, 1807 (BIVALVIA: SPHAERIIDAE) EN CHILE CON NOTAS SOBRE MORFOLOGIA Y BIOMETRIA DE SUS POBLACIONES","Parada, Esperanza, Peredo, Santiago, Jara-Seguel, Pedro",Gayana (Concepción); 73(1); 49-56,Gayana (Concepción),Espanhol,2009,http://www.scielo.cl/scielo.php?script=sci_arttext&pid=S0717-65382009000100008&lang=pt 
S1667-782X2002000100005-arg,"Características poblacionales y ciclo de vida de Diplodon chilensis (d&#039;Orbigny, 1835) (Hyriidae, Bivalvia) en el lago Gutiérrez (Patagonia, Argentina)","Semenas, Liliana, Brugni, Norma",Ecología austral; 12(1); 29-40,Ecología austral,Espanhol,2002,http://www.scielo.org.ar/scielo.php?script=sci_arttext&pid=S1667-782X2002000100005&lang=pt 
S0717-65382010000200005-chl,Variabilidad genética local del bivalvo dulceacuícola Diplodon chilensis (Gray 1828) proveniente de tres lagos Nahuelbutanos,"Fuentealba, Carmen, Figueroa, Ricardo, González, Fidelina, Palma, Mario",Gayana (Concepción); 74(2); 113-124,Gayana (Concepción),Espanhol,2010,http://www.scielo.cl/scielo.php?script=sci_arttext&pid=S0717-65382010000200005&lang=pt 
S0717-65382007000200001-chl,ESTANDARIZACION DEL BIOENSAYO DE TOXICIDAD AGUAD CON DIPLODON CHILENSIS USANDO UN TOXICO DE REFERENCIA,"Silva, Jeannette, Fuentealba, Carmen, Bay-Schmith, Enrique, Larrain, Alberto",Gayana (Concepción); 71(2); 135-141,Gayana (Concepción),Espanhol,2007,http://www.scielo.cl/scielo.php?script=sci_arttext&pid=S0717-65382007000200001&lang=pt 
S0717-65382007000200013-chl,"EXTENTION OF THE CURRENT NORTHERN DISTRIBUTION RANGE OF FRESHWATER MUSSEL Diplodon chilensis (GRAY, 1828) (BIVALVIA:HYRIIDAE) IN CHILE","Parada, Esperanza, Peredo, Santiago, Valenzuela, José, Manuschevich, Daniela",Gayana (Concepción); 71(2); 212-215,Gayana (Concepción),Inglês,2007,http://www.scielo.cl/scielo.php?script=sci_arttext&pid=S0717-65382007000200013&lang=pt 
S0718-19572008000100001-chl,Una revisión de la asimetría bilateral en bivalvos,"Briones, Carolina, Guiñez, Ricardo",Revista de biología marina y oceanografía; 43(1); 1-6,Revista de biología marina y oceanografía,Espanhol,2008,http://www.scielo.cl/scielo.php?script=sci_arttext&pid=S0718-19572008000100001&lang=pt 
S0717-65382008000200008-chl,"ANTECEDENTES ARQUEOLÓGICOS DEL GENERO DIPLODON (SPIX, 1827) (BIVALVIA, HYRIIDAE) EN CHILE","Jackson, Donald, Jackson, Douglas",Gayana (Concepción); 72(2); 188-195,Gayana (Concepción),Espanhol,2008,http://www.scielo.cl/scielo.php?script=sci_arttext&pid=S0717-65382008000200008&lang=pt 
S0717-65382008000200014-chl,DIPLODON PATAGONICUS (BIVALVIA: HYRIIDAE): TO BE OR NOT TO BE,"Parada, Esperanza, Peredo, Santiago",Gayana (Concepción); 72(2); 266-267,Gayana (Concepción),Inglês,2008,http://www.scielo.cl/scielo.php?script=sci_arttext&pid=S0717-65382008000200014&lang=pt 
S1816-79502008000500012-sza,"Distribution of the pill clam Pisidium langleyanum Melvill &amp; Ponsonby, 1891 (Bivalvia: Sphaeriidae) in South Africa","Kock, KN de, Wolmarans, CT",Water SA; 34(5); 623-630,Water SA,Inglês,2008,http://www.scielo.org.za/scielo.php?script=sci_arttext&pid=S1816-79502008000500012&lang=pt 
S0717-65382006000100013-chl,Estado de conocimiento de los Bivalvos dulceacuícolas de Chile,"Parada, Esperanza, Peredo, Santiago",Gayana (Concepción); 70(1); 82-87,Gayana (Concepción),Espanhol,2006,http://www.scielo.cl/scielo.php?script=sci_arttext&pid=S0717-65382006000100013&lang=pt 
S0034-77442008000100006-cri,Malacología Latinoamericana: Moluscos de agua dulce de Argentina,"Rumi, Alejandra, Gutiérrez Gregoric, Diego E, Núñez, Verónica, Darrigran, Gustavo A",Revista de Biología Tropical; 56(1); 77-111,Revista de Biología Tropical,Espanhol,2008,http://www.scielo.sa.cr/scielo.php?script=sci_arttext&pid=S0034-77442008000100006&lang=pt 
S0034-77442001000300004-cri,"Occurrence and Distribution of Fresh-Water Molluscs in the Riacho Fundo Creek Basin, Brasilia, Brazil","Maria Júlia, Martins-Silva, Barros, Marilia",Revista de Biología Tropical; 49(3-4); 865-870,Revista de Biología Tropical,Inglês,2001,http://www.scielo.sa.cr/scielo.php?script=sci_arttext&pid=S0034-77442001000300004&lang=pt 
S0717-65382010000100009-chl,Microestructura y polimorfismo en valvas recientes de Diplodon chilensis patagonicus (d’Orbigny 1835),"Soldati, Analía L, Jacob, Dorrit E, Bianchi, María M, Hajduk, Adán",Gayana (Concepción); 74(1); 57-65,Gayana (Concepción),Espanhol,2010,http://www.scielo.cl/scielo.php?script=sci_arttext&pid=S0717-65382010000100009&lang=pt 
S1870-34532007000200007-mex,"First records of freshwater molluscs from the ecological reserve El Edén, Quintana Roo, México","Cózatl-Manzano, Roberto, Naranjo-García, Edna",Revista mexicana de biodiversidad; 78(2); 303-310,Revista mexicana de biodiversidad,Inglês,2007,http://www.scielo.org.mx/scielo.php?script=sci_arttext&pid=S1870-34532007000200007&lang=pt 
S0717-65382008000100007-chl,"MANTENCION DEL PATRON DE DISTRIBUCION ESPACIAL, DENSIDAD Y ESTRUCTURA DE TAMAÑOS DE LA ALMEJA DE AGUA DULCE Diplodon chilensis GRAY, 1828 (BIVALVIA: HYRIIDAE) EN EL LAGO PANGUIPULLI, CHILE","Lara, Gladys, Parada, Esperanza",Gayana (Concepción); 72(1); 45-51,Gayana (Concepción),Espanhol,2008,http://www.scielo.cl/scielo.php?script=sci_arttext&pid=S0717-65382008000100007&lang=pt 
S0717-65382008000100009-chl,"DIPLODON CHILENSIS gray, 1828 (BIVALVIA: HYRIIDAE) A POTENTIAL RESIDUAL WATERS DEPURATOR ON INLAND WATER SALMONID FISH-FARMS: A LABORATORY SCALE STUDY","Parada, Esperanza, Peredo, Santiago, Cárdenas, Silvia, Valdebenito, Iván, Peredo, Matías",Gayana (Concepción); 72(1); 68-78,Gayana (Concepción),Inglês,2008,http://www.scielo.cl/scielo.php?script=sci_arttext&pid=S0717-65382008000100009&lang=pt 
S0718-19572008000300012-chl,"Caracterización metabólica de Diplodon chilensis (Gray, 1828) (Bivalvia: Hyriidae) expuesto a anoxia experimental","Grandón, Maritza A, Barros, Javier A, González, Rodrigo R",Revista de biología marina y oceanografía; 43(3); 531-537,Revista de biología marina y oceanografía,Espanhol,2008,http://www.scielo.cl/scielo.php?script=sci_arttext&pid=S0718-19572008000300012&lang=pt 
S0716-078X2008000100004-chl,Short-term feeding response of the mussel Mytilus chilensis exposed to diets containing the toxic dinoflagellate Alexandrium catenella,"NAVARRO, JORGE M, CONTRERAS, ANDREA M, CHAPARRO, ÓSCAR R",Revista chilena de historia natural; 81(1); 41-49,Revista chilena de historia natural,Inglês,2008,http://www.scielo.cl/scielo.php?script=sci_arttext&pid=S0716-078X2008000100004&lang=pt 
S0717-65382005000100007-chl,"LA RELOCALIZACION COMO UNA HERRAMIENTA DE CONSERVACION Y MANEJO DE LA BIODIVERSIDAD: LECCIONES APRENDIDAS CON DIPLODON CHILENSIS (GRAY 1828) (BIVALVIA, HYRIIDAE)","Parada, Esperanza, Peredo, Santiago",Gayana (Concepción); 69(1); 41-47,Gayana (Concepción),Espanhol,2005,http://www.scielo.cl/scielo.php?script=sci_arttext&pid=S0717-65382005000100007&lang=pt 
S0717-65382005000100006-chl,"REGISTRO DE POLIPLOIDIA EN LA ALMEJA DULCEACUICOLA MUSCULIUM ARGENTINUM (D&#039;ORBIGNY 1835) (SPHAERIIDAE, VENEROIDA)","Jara-Seguel, Pedro, Peredo, Santiago, Parada, Esperanza",Gayana (Concepción); 69(1); 36-40,Gayana (Concepción),Espanhol,2005,http://www.scielo.cl/scielo.php?script=sci_arttext&pid=S0717-65382005000100006&lang=pt 
S0327-95452011000200004-arg,Assessment of gonadal follicle size in the invading bivalve Limnoperna fortunei (Mytilidae),"Guimarey, Pilar, Darrigran, Gustavo, Damborenea, Cristina, Penchaszadeh, Pablo E.",Biocell; 35(2); 59-62,Biocell,Inglês,2011,http://www.scielo.org.ar/scielo.php?script=sci_arttext&pid=S0327-95452011000200004&lang=pt 
S0034-89101991000300003-spa,Moluscos límnicos de uma área do Alto Araguaia (Brasil),"Teles, Horácio Manuel Santana, Leite, Renata Piva Almeida, Rodrigues, Francisco Luiz",Revista de Saúde Pública; 25(3); 179-183,Revista de Saúde Pública,Português,1991,http://www.scielosp.org/scielo.php?script=sci_arttext&pid=S0034-89101991000300003&lang=pt 
S0717-65382002000100006-chl,PRIMER REGISTRO DE MUSCULIUM ARGENTINUM (D&#039;ORBIGNY 1835) (BIVALVIA: SPHAERIIDAE) EN AGUAS CONTINENTALES CHILENAS,"Sobarzo, Cristián, Jara-Segue, Pedro, Peredo, Santiago, Parada, Esperanza",Gayana (Concepción); 66(1); 39-43,Gayana (Concepción),Espanhol,2002,http://www.scielo.cl/scielo.php?script=sci_arttext&pid=S0717-65382002000100006&lang=pt 
S0717-65382002000200005-chl,LA ALMEJA DE AGUA DULCE DIPLODON CHILENSIS (BIVALVIA:HYRIIDAE) POTENCIAL BIOFILTRO PARA DISMINUIR LOS NIVELES DE COLIFORMES EN POZOS: EXPERIMENTO DE LABORATORIO,"Lara, Gladys, Contreras, Angel, Encina, Francisco",Gayana (Concepción); 66(2); 113-118,Gayana (Concepción),Espanhol,2002,http://www.scielo.cl/scielo.php?script=sci_arttext&pid=S0717-65382002000200005&lang=pt 
S0717-65382002000200004-chl,ALIMENTACION Y CONDUCTA ALIMENTARIA DE LA ALMEJA DE AGUA DULCE DIPLODON CHILENSIS (BIVALVIA: HYRIIDAE),"Lara, Gladys, Parada, Esperanza, Peredo, Santiago",Gayana (Concepción); 66(2); 107-112,Gayana (Concepción),Espanhol,2002,http://www.scielo.cl/scielo.php?script=sci_arttext&pid=S0717-65382002000200004&lang=pt 
S0716-078X2002000400005-chl,Estado actual de la taxonomía de bivalvos dulceacuícolas chilenos: progresos y conflictos,"PARADA, ESPERANZA, PEREDO, SANTIAGO",Revista chilena de historia natural; 75(4); 691-701,Revista chilena de historia natural,Espanhol,2002,http://www.scielo.cl/scielo.php?script=sci_arttext&pid=S0716-078X2002000400005&lang=pt 
S0717-65382000000200008-chl,QUANTITATIVE KARYOTYPE OF DIPLODON CHILENSIS (GRAY 1828) (BIVALVIA:HYRIIDAE),"Jara-Seguel, Pedro, Peredo, Santiago, Palma-Rojas, Claudio, Parada, Esperanza, Lara, Gladys",Gayana (Concepción); 64(2); 189-193,Gayana (Concepción),Inglês,2000,http://www.scielo.cl/scielo.php?script=sci_arttext&pid=S0717-65382000000200008&lang=pt 
S0074-02762002000300029-scl,"The Histopathology of the Infection of Tilapia rendalli and Hypostomus regani (Osteichthyes) by Lasidium Larvae of Anodontites trapesialis (Mollusca, Bivalvia)","Silva-Souza, Ângela Teresa, Eiras, Jorge C",Memórias do Instituto Oswaldo Cruz; 97(3); 431-433,Memórias do Instituto Oswaldo Cruz,Inglês,2002,http://www.scielo.br/scielo.php?script=sci_arttext&pid=S0074-02762002000300029&lang=pt 
S1516-89132001000100014-scl,"Diet of Iheringichthys labrosus (Pimelodidae, Siluriformes) in the Itaipu Reservoir, Paraná River, Brazil-Paraguay","Abes, Sara da Silva, Agostinho, Angelo Antonio, Okada, Edson Kiyoshi, Gomes, Luiz Carlos",Brazilian Archives of Biology and Technology; 44(1); 101-105,Brazilian Archives of Biology and Technology,Inglês,2001,http://www.scielo.br/scielo.php?script=sci_arttext&pid=S1516-89132001000100014&lang=pt 
S0034-71082001000200006-scl,"Biodiversity assessment of benthic macroinvertebrates in altitudinal lotic ecosystems of Serra do Cipó (MG, Brazil)","GALDEAN, N., CALLISTO, M., BARBOSA, F. A. R.",Revista Brasileira de Biologia; 61(2); 239-248,Revista Brasileira de Biologia,Inglês,2001,http://www.scielo.br/scielo.php?script=sci_arttext&pid=S0034-71082001000200006&lang=pt 
S0101-81752007000300033-scl,"Gametogênese e dinâmica da reprodução de Anodontites trapesialis (Lamarck) (Unionoida, Mycetopodidae) no lago Baía do Poço, planície de inundação do rio Cuiabá, Mato Grosso, Brasil","Callil, Cláudia T., Mansur, Maria C. D.",Revista Brasileira de Zoologia; 24(3); 825-840,Revista Brasileira de Zoologia,Português,2007,http://www.scielo.br/scielo.php?script=sci_arttext&pid=S0101-81752007000300033&lang=pt 
S1516-89132007000100010-scl,"Caloric variability of Corbicula fluminea (Mollusca, Bivalvia) in Rosana Reservoir, Brazil","Bagatini, Yara Moretto, Benedito-Cecilio, Evanilde, Higuti, Janet",Brazilian Archives of Biology and Technology; 50(1); 85-90,Brazilian Archives of Biology and Technology,Inglês,2007,http://www.scielo.br/scielo.php?script=sci_arttext&pid=S1516-89132007000100010&lang=pt 
S0101-81752008000100015-scl,"Triplodon chodo, a new species of pearly fresh water mussel from the Amazon Basin (Mollusca: Bivalvia: Unionoida: Hyriidae)","Mansur, Maria C. D., Pimpão, Daniel M.",Revista Brasileira de Zoologia; 25(1); 111-115,Revista Brasileira de Zoologia,Inglês,2008,http://www.scielo.br/scielo.php?script=sci_arttext&pid=S0101-81752008000100015&lang=pt 
S1516-89132008000300023-scl,"Seasonal variation in larval density of Limnoperna fortunei (Bivalvia, Mytilidae) in the Iguaçu and Paraná rivers, in the region of Foz do Iguaçu, Paraná, Southern Brazil","Pestana, Débora, Pie, Marcio Roberto, Ostrensky, Antonio, Boeger, Walter Antonio, Andreoli, Cleverson, Franceschi, Francisco, Lagos, Patrícia",Brazilian Archives of Biology and Technology; 51(3); 607-612,Brazilian Archives of Biology and Technology,Inglês,2008,http://www.scielo.br/scielo.php?script=sci_arttext&pid=S1516-89132008000300023&lang=pt 
S1415-47572008000300026-scl,"First genotoxicity study of Paraná river water from Argentina using cells from the clam Corbicula fluminea (Veneroida Corbiculidae) and Chinese hamster (Cricetulus griseus Rodentia, Cricetidae) K1 cells in the comet assay","Caffetti, Jacqueline D., Mantovani, Mário S., Pastori, María C., Fenocchio, Alberto S.",Genetics and Molecular Biology; 31(2); 561-565,Genetics and Molecular Biology,Inglês,2008,http://www.scielo.br/scielo.php?script=sci_arttext&pid=S1415-47572008000300026&lang=pt 
S1516-89132003000400022-scl,"Biomonitoring of Pb and Cd in two impacted watersheds in Southeast Brazil, using the freshwater mussel Anodontites trapesialis (Lamarck, 1819) (Bivalvia : Mycetopodidae) as a biological monitor","Tomazelli, Andréa C., Martinelli, Luiz A., Avelar, Wagner E. P., Camargo, Plínio B. de, Fostier, Anne-Helene, Ferraz, Epaminondas S. B., Krug, Francisco J., Santos Júnior, Dário",Brazilian Archives of Biology and Technology; 46(4); 673-684,Brazilian Archives of Biology and Technology,Inglês,2003,http://www.scielo.br/scielo.php?script=sci_arttext&pid=S1516-89132003000400022&lang=pt 
S1519-69842008000500009-scl,Benthic macroinvertebrates in the Paranapanema reservoir cascade (southeast Brazil),"Jorcin, A., Nogueira, MG.",Brazilian Journal of Biology; 68(4); 1013-1024,Brazilian Journal of Biology,Inglês,2008,http://www.scielo.br/scielo.php?script=sci_arttext&pid=S1519-69842008000500009&lang=pt 
S0101-81752008000300002-scl,"Variações no comprimento dos indivíduos de uma população do mexilhão dourado, Limnoperna fortunei (Mollusca: Bivalvia: Mytilidae), ao longo do ano, na Praia do Veludo, Lago Guaíba, Rio Grande do Sul, Brasil","Santos, Cintia P. dos, Mansur, Maria Cristina D., Würdig, Norma L.",Revista Brasileira de Zoologia; 25(3); 384-396,Revista Brasileira de Zoologia,Português,2008,http://www.scielo.br/scielo.php?script=sci_arttext&pid=S0101-81752008000300002&lang=pt 
S0044-59672008000300026-scl,"Ocorrência do molusco asiático Corbicula fluminea (Müller, 1774) (Bivalvia, Corbiculidae) no baixo rio Negro, Amazônia central","Pimpão, Daniel Mansur, Martins, Demetrius da Silva",Acta Amazonica; 38(3); 589-591,Acta Amazonica,Português,2008,http://www.scielo.br/scielo.php?script=sci_arttext&pid=S0044-59672008000300026&lang=pt 
S1516-89132009000100018-scl,"The effect of temperature and body size on filtration rates of Limnoperna fortunei (Bivalvia, Mytilidae) under laboratory conditions","Pestana, Débora, Ostrensky, Antonio, Boeger, Walter Antonio Pereira, Pie, Marcio Roberto",Brazilian Archives of Biology and Technology; 52(1); 135-144,Brazilian Archives of Biology and Technology,Inglês,2009,http://www.scielo.br/scielo.php?script=sci_arttext&pid=S1516-89132009000100018&lang=pt 
S1519-69842009000500021-scl,"The anatomy and functional morphology of Diplodon rhombeus fontainianus (Orbigny, 1835) (Mollusca Bivalvia, Hyriidae)","Avelar, WEP., Cunha, AD.",Brazilian Journal of Biology; 69(4); 1153-1163,Brazilian Journal of Biology,Inglês,2009,http://www.scielo.br/scielo.php?script=sci_arttext&pid=S1519-69842009000500021&lang=pt 
S1676-06032009000300032-scl,"Chave pictórica para identificação dos bivalves do baixo Rio Aripuanã, Amazonas, Brasil (Sphaeriidae, Hyriidae e Mycetopodidae)","Pimpão, Daniel Mansur, Mansur, Maria Cristina Dreher",Biota Neotropica; 9(3); 377-384,Biota Neotropica,Português,2009,http://www.scielo.br/scielo.php?script=sci_arttext&pid=S1676-06032009000300032&lang=pt 
S1676-06032009000300037-scl,"Modelo preditivo de sobrevivência do Mexilhão Dourado (Limnoperna fortunei) em relação a variações de salinidade na Laguna dos Patos, RS, Brasil","Barbosa, Fabiana Gonçalves, Melo, Adriano Sanches",Biota Neotropica; 9(3); 407-412,Biota Neotropica,Português,2009,http://www.scielo.br/scielo.php?script=sci_arttext&pid=S1676-06032009000300037&lang=pt 
S0100-40422008000200005-scl,"Organochlorine pesticides in Piracicaba river basin (São Paulo/Brazil): a survey of sediment, bivalve and fish","Silva, Daniela Mariano Lopes da, Camargo, Plínio Barbosa de, Martinelli, Luiz Antonio, Lanças, Fernando Mauro, Pinto, Jair S. S., Avelar, Wagner E. Paiva",Química Nova; 31(2); 214-219,Química Nova,Inglês,2008,http://www.scielo.br/scielo.php?script=sci_arttext&pid=S0100-40422008000200005&lang=pt 
S0073-47212009000400001-scl,"Freshwater sponges (Porifera, Demospongiae) in a benthic filter feeding community at the Guanacaste Dry Forest, Costa Rica","Volkmer-Ribeiro, Cecilia, Machado, Vanessa de S",Iheringia. Série Zoologia; 99(4); 335-344,Iheringia. Série Zoologia,Inglês,2009,http://www.scielo.br/scielo.php?script=sci_arttext&pid=S0073-47212009000400001&lang=pt 
S1519-69842009000100003-scl,"Spatial and temporal distribution of the zoobenthos community during the filling up period of Porto Primavera Reservoir (Paraná River, Brazil)","Jorcin, A., Nogueira, MG., Belmont, R.",Brazilian Journal of Biology; 69(1); 19-29,Brazilian Journal of Biology,Inglês,2009,http://www.scielo.br/scielo.php?script=sci_arttext&pid=S1519-69842009000100003&lang=pt 
S0101-81751999000600019-scl,"Gloquídio de Diplodon martensi (lhering) (Mollusca, Bivalvia, Hyriidae) e seu ciclo parasitário","Mansur, Maria Cristina Dreher",Revista Brasileira de Zoologia; 16(); 185-194,Revista Brasileira de Zoologia,Português,1999,http://www.scielo.br/scielo.php?script=sci_arttext&pid=S0101-81751999000600019&lang=pt 
S0101-81752001000100002-scl,"Distribuição sazonal e reprodução de Neocorbicula limosa (Maton) (Bivalvia, Corbiculidae) no Lago Guaíba, Rio Grande do Sul, Brasil","Focht, Teimo, Veitenheimer-Mendes, Inga L.",Revista Brasileira de Zoologia; 18(1); 35-43,Revista Brasileira de Zoologia,Português,2001,http://www.scielo.br/scielo.php?script=sci_arttext&pid=S0101-81752001000100002&lang=pt 
S0100-84042009000100004-scl,"Diatomáceas sobre Limnoperna fortunei (Dunker), molusco introduzido no Lago Guaíba, Sul do Brasil","Torgan, Lezilda Carvalho, Salomoni, Saionara Eliane, Bicca, Aline Brugalli",Brazilian Journal of Botany; 32(1); 23-31,Brazilian Journal of Botany,Português,2009,http://www.scielo.br/scielo.php?script=sci_arttext&pid=S0100-84042009000100004&lang=pt 
S0074-02761989000800010-scl,"Espécie nova de Mytilopsis Conrad, 1857, do rio Tocantins, Tucuruí, Pará, Brasil: (Mollusca, Bivalvia, Dreissenidae)","Alvarenga, Luiz Carlos de Figueiredo, Ricci, Célia Neli",Memórias do Instituto Oswaldo Cruz; 84(); 27-33,Memórias do Instituto Oswaldo Cruz,Português,1989,http://www.scielo.br/scielo.php?script=sci_arttext&pid=S0074-02761989000800010&lang=pt 
S0101-81751989000300010-scl,"Contribuição à conquiliometria de Neocorbicula limosa (Maton, 1811) (Bivalvia, Corbiculidae)","Garces, Liana Mercedes Maria Pares, Mansur, Maria Cristina Dreher, Thomé, José Willibaldo",Revista Brasileira de Zoologia; 6(3); 507-516,Revista Brasileira de Zoologia,Português,1989,http://www.scielo.br/scielo.php?script=sci_arttext&pid=S0101-81751989000300010&lang=pt 
S0101-81751997000400011-scl,"Anatomy and systematics of Anodontites Elongatus (Swainson) from Amazon and Parana Basins, Brazil (Mollusca, Bivalvia, Unionoida, Mycetopodidae)","Simone, Luiz Ricardo L",Revista Brasileira de Zoologia; 14(4); 877-888,Revista Brasileira de Zoologia,Inglês,1997,http://www.scielo.br/scielo.php?script=sci_arttext&pid=S0101-81751997000400011&lang=pt 
S0101-81752003000100009-scl,"Primeiros dados quali-quantitativos do mexilhão-dourado, Limnoperna fortunei (Dunker), no Delta do Jacuí, no Lago Guaíba e na Laguna dos Patos, Rio Grande do Sul, Brasil e alguns aspectos de sua invasão no novo ambiente","Mansur, Maria Cristina Dreher, Santos, Cíntia Pinheiro dos, Darrigran, Gustavo, Heydrich, Ingrid, Callil, Claudia T., Cardoso, Felipe Rossoni",Revista Brasileira de Zoologia; 20(1); 75-84,Revista Brasileira de Zoologia,Português,2003,http://www.scielo.br/scielo.php?script=sci_arttext&pid=S0101-81752003000100009&lang=pt 
S1415-47572005000300023-scl,Comet assay comparison of different Corbicula fluminea (Mollusca) tissues for the detection of genotoxicity,"Rigonato, Janaina, Mantovani, Mário Sérgio, Jordão, Berenice Quinzani",Genetics and Molecular Biology; 28(3); 464-468,Genetics and Molecular Biology,Inglês,2005,http://www.scielo.br/scielo.php?script=sci_arttext&pid=S1415-47572005000300023&lang=pt 
S0101-81752005000300029-scl,"Fases larvais do mexilhão dourado Limnoperna fortunei (Dunker) (Mollusca, Bivalvia, Mytilidae) na Bacia do Guaíba, Rio Grande do Sul, Brasil","Santos, Cíntia P. dos, Würdig, Norma L., Mansur, Maria C. D.",Revista Brasileira de Zoologia; 22(3); 702-708,Revista Brasileira de Zoologia,Português,2005,http://www.scielo.br/scielo.php?script=sci_arttext&pid=S0101-81752005000300029&lang=pt 
S0101-81752005000300033-scl,"Ultrastructural analysis of the shells of Anodontites trapesialis (Lamarck) and Anodontites elongatus (Swaison) (Mollusca, Bivalvia, Etherioidea) from the Mato Grosso Pantanal Region, Brazil","Callil, Claudia T., Mansur, Maria C. D.",Revista Brasileira de Zoologia; 22(3); 724-734,Revista Brasileira de Zoologia,Inglês,2005,http://www.scielo.br/scielo.php?script=sci_arttext&pid=S0101-81752005000300033&lang=pt 
S1519-69842004000500002-scl,"A new occurrence of Limnoperna fortunei (Dunker 1856) (Bivalvia, Mytilidae) in the State of São Paulo, Brazil","Avelar, W. E. P., Martim, S. L., Vianna, M. P.",Brazilian Journal of Biology; 64(4); 739-742,Brazilian Journal of Biology,Inglês,2004,http://www.scielo.br/scielo.php?script=sci_arttext&pid=S1519-69842004000500002&lang=pt 
S0001-37652005000200004-scl,Golden mussel Limnoperna fortunei (Bivalvia: Mytilidae) distribution in the main hydrographical basins of Uruguay: update and predictions,"Brugnoli, Ernesto, Clemente, Juan, Boccardi, Lucía, Borthagaray, Ana, Scarabino, Fabrizio",Anais da Academia Brasileira de Ciências; 77(2); 235-244,Anais da Academia Brasileira de Ciências,Inglês,2005,http://www.scielo.br/scielo.php?script=sci_arttext&pid=S0001-37652005000200004&lang=pt 
S1676-06032006000200016-scl,"Aspectos morfológicos e de incubação em três espécies de Corbicula Mühlfeld, no lago Guaíba, Rio Grande do Sul, Brasil (Bivalvia, Corbiculidae)","Martins, Demetrius da Silva, Veitenheimer-Mendes, Inga Ludmila, Faccioni-Heuser, Maria Cristina",Biota Neotropica; 6(2); -,Biota Neotropica,Português,2006,http://www.scielo.br/scielo.php?script=sci_arttext&pid=S1676-06032006000200016&lang=pt 
S0101-81752006000400021-scl,"Bivalves límnicos da bacia do rio dos Sinos, Rio Grande do Sul, Brasil (Bivalvia, Unionoida, Veneroida e Mytiloida)","Mansur, Maria C. D., Pereira, Daniel",Revista Brasileira de Zoologia; 23(4); 1123-1147,Revista Brasileira de Zoologia,Português,2006,http://www.scielo.br/scielo.php?script=sci_arttext&pid=S0101-81752006000400021&lang=pt 
S1517-70762010000100004-scl,"Seleção de materiais e revestimentos para o controle de incrustações do mexilhão dourado na Usina Hidrelétrica de Ibitinga (SP, Brasil)","Bergmann, C.P., Mansur, M.C.D., Bergonc, P.E.A., Pereira, D., Santos, C.P., Basegio, T., Vicenz, J., Santos, S.C.A.",Matéria (Rio de Janeiro); 15(1); 21-30,Matéria (Rio de Janeiro),Português,2010,http://www.scielo.br/scielo.php?script=sci_arttext&pid=S1517-70762010000100004&lang=pt 
S1519-69842011000400007-scl,"A new occurrence of Anodontites tenebricosus (Bivalvia: Mycetopodidae) in the Sapucaí river basin, São Paulo, Brazil: environmental and conchological aspects","Troncon, EK., Avelar, WEP",Brazilian Journal of Biology; 71(3); 629-634,Brazilian Journal of Biology,Inglês,2011,http://www.scielo.br/scielo.php?script=sci_arttext&pid=S1519-69842011000400007&lang=pt 
S1519-69842016000200352-scl,"Phytoplankton composition of the water and gastrointestinal tract of the mussel Diplodon enno (Ortmann, 1921) from São Francisco river (Bahia, Brazil)","Alves, T., Lima, P., Lima, G. M. S., Cunha, M. C. C., Ferreira, S., Domingues, B., Machado, J.",Brazilian Journal of Biology; 76(2); 352-359,Brazilian Journal of Biology,Inglês,2016,http://www.scielo.br/scielo.php?script=sci_arttext&pid=S1519-69842016000200352&lang=pt 
S1519-69842016000300718-scl,"Modeling habitat suitability of the invasive clam Corbicula fluminea in a Neotropical shallow lagoon, southern Brazil","Silveira, T. C. L., Gama, A. M. S., Alves, T. P., Fontoura, N. F.",Brazilian Journal of Biology; 76(3); 718-725,Brazilian Journal of Biology,Inglês,2016,http://www.scielo.br/scielo.php?script=sci_arttext&pid=S1519-69842016000300718&lang=pt 
S1519-69842018000400773-scl,More than two decades after the introduction of Limnoperna fortunei (Dunker 1857) in La Plata Basin,"Pessotto, M. A., Nogueira, M. G.",Brazilian Journal of Biology; 78(4); 773-784,Brazilian Journal of Biology,Inglês,2018,http://www.scielo.br/scielo.php?script=sci_arttext&pid=S1519-69842018000400773&lang=pt 
S1980-993X2018000300304-scl,"RFLP pattern determination for the invasive bivalves Limnoperna fortunei (Dunker, 1857) and Corbicula fluminea (Muller, 1774)","Oliveira Junior, Renato Brito de, Paula, Rayan Silva de, Diniz, Vinícius Sergio Rodrigues, Carvalho, Marcela David de, Cardoso, Antônio Valadão",Revista Ambiente &amp; Água; 13(3); -,Revista Ambiente &amp; Água,Inglês,2018,http://www.scielo.br/scielo.php?script=sci_arttext&pid=S1980-993X2018000300304&lang=pt 
S1519-69842016000401068-scl,"First occurrence of Anodontites tenebricosus (Bivalvia: Mycetopodidae) in the Tocantins-Araguaia basin, Brazil","Puppin-Gonçalves, C. T., Tenório, L. X. S., Neiva, A. B., Martins-Silva, M. J.",Brazilian Journal of Biology; 76(4); 1068-1069,Brazilian Journal of Biology,Inglês,2016,http://www.scielo.br/scielo.php?script=sci_arttext&pid=S1519-69842016000401068&lang=pt 
S0102-09352019000100314-scl,Biosseguridade para sistemas de produção de peixes em tanque-rede em função da colmatação agravada por Limnoperna fortunei,"Vianna, G.R., Oliveira, T.M., Teixeira, E.A., Nicolino, R.R., Boscolo, W.R., Silva, M.X., Haddad, J.P.A.",Arquivo Brasileiro de Medicina Veterinária e Zootecnia; 71(1); 314-322,Arquivo Brasileiro de Medicina Veterinária e Zootecnia,Português,2019,http://www.scielo.br/scielo.php?script=sci_arttext&pid=S0102-09352019000100314&lang=pt 
S0001-37652017000301041-scl,"Development of a real-time PCR assay for the detection of the golden mussel ( Limnoperna fortunei , Mytilidae) in environmental samples","PIE, MARCIO R., STRÖHER, PATRÍCIA R., AGOSTINIS, ANDRÉ O., BELMONTE-LOPES, RICARDO, TADRA-SFEIR, MICHELLE Z., OSTRENSKY, ANTONIO",Anais da Academia Brasileira de Ciências; 89(2); 1041-1045,Anais da Academia Brasileira de Ciências,Inglês,2017,http://www.scielo.br/scielo.php?script=sci_arttext&pid=S0001-37652017000301041&lang=pt 
S0073-47212017000100214-scl,Biometry of neotropical invertebrates inhabiting floodplain rivers: unraveling bionomy,"Zilli, Florencia, Barco, Julia del, Vanzetti, Agustín",Iheringia. Série Zoologia; 107(); -,Iheringia. Série Zoologia,Inglês,2017,http://www.scielo.br/scielo.php?script=sci_arttext&pid=S0073-47212017000100214&lang=pt 
S1519-69842016000100154-scl,"Limnoperna fortunei Dunker, 1857 larvae in different environments of a Neotropical floodplain: relationships of abiotic variables and phytoplankton with different stages of development","Ernandes-Silva, J., Ragonha, F. H., Jati, S., Takeda, A. M.",Brazilian Journal of Biology; 76(1); 154-161,Brazilian Journal of Biology,Inglês,2016,http://www.scielo.br/scielo.php?script=sci_arttext&pid=S1519-69842016000100154&lang=pt 
S1676-06032016000100109-scl,The ShearStress importance on the spatial distribution pattern of the invader Limnoperna fortunei in the Upper Paraná River Basin. - An assessment based on the Spatial Distribution Models,"Campos, Mônica de Cássia Souza, Peifer, Daniel, Castro, Paulo de Tarso",Biota Neotropica; 16(1); -,Biota Neotropica,Inglês,2016,http://www.scielo.br/scielo.php?script=sci_arttext&pid=S1676-06032016000100109&lang=pt 
S1984-46702017000100336-scl,"Variation in the distribution of Corbicula species (Mollusca: Bivalvia: Corbiculidae) after 25 years of its introduction in the Río de la Plata, Argentina","Reshaid, Yamila, Cao, Luciana, Brea, Francisco, Blanche, María Ortiz, Torres, Santiago, Darrigran, Gustavo",Zoologia (Curitiba); 34(); -,Zoologia (Curitiba),Inglês,2017,http://www.scielo.br/scielo.php?script=sci_arttext&pid=S1984-46702017000100336&lang=pt 
S1676-06032017000400601-scl,"Freshwater mussels from South America: state of the art of Unionida, specially Rhipidodontini","Miyahira, Igor Christo, Santos, Sonia Barbosa dos, Mansur, Maria Cristina Dreher",Biota Neotropica; 17(4); -,Biota Neotropica,Inglês,2017,http://www.scielo.br/scielo.php?script=sci_arttext&pid=S1676-06032017000400601&lang=pt 
S2179-975X2017000100409-scl,"Environmental variables driving the larval distribution of Limnoperna fortunei in the upper Paraná River floodplain, Brazil","Ernandes-Silva, Jéssica, Pinha, Gisele Daiane, Mormul, Roger Paulo",Acta Limnologica Brasiliensia; 29(); -,Acta Limnologica Brasiliensia,Inglês,2017,http://www.scielo.br/scielo.php?script=sci_arttext&pid=S2179-975X2017000100409&lang=pt 
S1984-46702012000600004-scl,"Invasion process of Limnoperna fortunei (Bivalvia: Mytilidae): the case of Uruguay River and emissaries of the Esteros del Iberá Wetland, Argentina","Darrigran, Gustavo, Damborenea, Cristina, Drago, Edmundo C., Ezcurra de Drago, Inés, Paira, Aldo, Archuby, Fernando",Zoologia (Curitiba); 29(6); 531-539,Zoologia (Curitiba),Inglês,2012,http://www.scielo.br/scielo.php?script=sci_arttext&pid=S1984-46702012000600004&lang=pt 
S1984-46702013000100005-scl,Size-selective predation of the catfish Pimelodus pintado (Siluriformes: Pimelodidae) on the golden mussel Limnoperna fortunei (Bivalvia: Mytilidae),"Vieira, João P., Lopes, Michelle N.",Zoologia (Curitiba); 30(1); 43-48,Zoologia (Curitiba),Inglês,2013,http://www.scielo.br/scielo.php?script=sci_arttext&pid=S1984-46702013000100005&lang=pt 
S0031-10492010003400001-scl,"Prospecção do molusco invasor Limnoperna fortunei (Dunker, 1857) nos principais corpos hídricos do estado do Paraná, Brasil","Pestana, Debora, Ostrensky, Antonio, Tschá, Marcel Kruchelski, Boeger, Walter A.",Papéis Avulsos de Zoologia; 50(34); 553-559,Papéis Avulsos de Zoologia,Português,2010,http://www.scielo.br/scielo.php?script=sci_arttext&pid=S0031-10492010003400001&lang=pt 
S1519-69842010000400014-scl,Modeling the potential distribution of the invasive golden mussel Limnoperna fortunei in the Upper Paraguay River system using limnological variables,"Oliveira, MD, Hamilton, SK, Calheiros, DF, Jacobi, CM, Latini, RO",Brazilian Journal of Biology; 70(3); 831-840,Brazilian Journal of Biology,Inglês,2010,http://www.scielo.br/scielo.php?script=sci_arttext&pid=S1519-69842010000400014&lang=pt 
S2179-975X2012000100007-scl,"Hydrological stress as a limiting factor of the invasion of Limnoperna fortunei (Dunker, 1857) in the Upper Paraná River (Brazil)","Campos, Mônica de Cássia Souza, Lanzer, Rosane, Castro, Paulo de Tarso",Acta Limnologica Brasiliensia; 24(1); 64-82,Acta Limnologica Brasiliensia,Inglês,2012,http://www.scielo.br/scielo.php?script=sci_arttext&pid=S2179-975X2012000100007&lang=pt 
S2179-975X2011000400007-scl,"Invertebrates associated to Eichhornea azurea Kunth in a lagoon of the Upper Paraná River: composition, community attributes and influence of abiotic factors","Batista-Silva, Valéria Flávia, Boneto, Daiane Dias, Bailly, Dayani, Abelha, Milza Celi Fedatto, Kashiwaqui, Elaine Antoniassi Luiz",Acta Limnologica Brasiliensia; 23(4); 376-385,Acta Limnologica Brasiliensia,Inglês,2011,http://www.scielo.br/scielo.php?script=sci_arttext&pid=S2179-975X2011000400007&lang=pt 
S0001-37652012000400020-scl,"Toxicity of neem&#039;s oil, a potential biocide against the invasive mussel Limnoperna fortunei (Dunker 1857)","Pereyra, Patricio J., Rossini, Gustavo B., Darrigran, Gustavo",Anais da Academia Brasileira de Ciências; 84(4); 1065-1071,Anais da Academia Brasileira de Ciências,Inglês,2012,http://www.scielo.br/scielo.php?script=sci_arttext&pid=S0001-37652012000400020&lang=pt 
S1519-69842012000300017-scl,"Variations on the larval incubation of Anodontites trapesialis (Unionoida, Mycetopodidae): Synergetic effect of the environmental factors and host availability","Callil, CT., Krinski, D., Silva, FA.",Brazilian Journal of Biology; 72(3); 545-552,Brazilian Journal of Biology,Inglês,2012,http://www.scielo.br/scielo.php?script=sci_arttext&pid=S1519-69842012000300017&lang=pt 
S1980-993X2014000300004-scl,"First occurrence of the exotic Asian clam Corbicula fluminea (Muller, 1774) in the Jundiaí-Mirim River Basin, SP, Brazil","Beghelli, Frederico Guilherme de Souza, Pompêo, Marcelo Luiz Martins, Carlos, Viviane Moschini",Revista Ambiente &amp; Água; 9(3); 402-408,Revista Ambiente &amp; Água,Inglês,2014,http://www.scielo.br/scielo.php?script=sci_arttext&pid=S1980-993X2014000300004&lang=pt 
S1519-69842012000100004-scl,"Grazing impacts of the invasive bivalve Limnoperna fortunei (Dunker, 1857) on single-celled, colonial and filamentous cyanobacteria","Gazulha, V, Mansur, MCD, Cybis, LF, Azevedo, SMFO",Brazilian Journal of Biology; 72(1); 33-39,Brazilian Journal of Biology,Inglês,2012,http://www.scielo.br/scielo.php?script=sci_arttext&pid=S1519-69842012000100004&lang=pt 
S1519-69842012000100005-scl,"Feeding behavior of the invasive bivalve Limnoperna fortunei (Dunker, 1857) under exposure to toxic cyanobacteria Microcystis aeruginosa","Gazulha, V, Mansur, MCD, Cybis, LF, Azevedo, SMFO",Brazilian Journal of Biology; 72(1); 41-49,Brazilian Journal of Biology,Inglês,2012,http://www.scielo.br/scielo.php?script=sci_arttext&pid=S1519-69842012000100005&lang=pt 
S0103-50532012000500009-scl,Assessment of inorganic contaminants in golden mussel (Limnoperna fortunei) in Southern Brazil,"Pereira, Éderson R., Soares, Bruno M., Vieira, João P., Mai, Ana C. G., Picoloto, Rochele S., Muller, Edson I., Flores, Erico M. M., Duarte, Fábio A.",Journal of the Brazilian Chemical Society; 23(5); 846-853,Journal of the Brazilian Chemical Society,Inglês,2012,http://www.scielo.br/scielo.php?script=sci_arttext&pid=S0103-50532012000500009&lang=pt 
S2179-975X2011000300007-scl,Density and body size of the larval stages of the invasive golden mussel (Limnoperna fortunei) in two neotropical rivers,"Eilers, Vivianne, Oliveira, Márcia Divina de, Roche, Kennedy Francis",Acta Limnologica Brasiliensia; 23(3); 282-292,Acta Limnologica Brasiliensia,Inglês,2011,http://www.scielo.br/scielo.php?script=sci_arttext&pid=S2179-975X2011000300007&lang=pt 
S0100-40422012000300003-scl,"Uso do bivalve límnico Anodontites tenebricosus (LEA, 1834) no biomonitoramento de metais do Rio Ribeira de Iguape","Rodrigues, Valéria Guimarães Silvestre, Fujikawa, Aline, Abessa, Denis Moledo de Souza, Hortellani, Marcos Antonio, Sarkis, Jorge Eduardo Souza, Sígolo, Joel Barbujiani",Química Nova; 35(3); 454-459,Química Nova,Português,2012,http://www.scielo.br/scielo.php?script=sci_arttext&pid=S0100-40422012000300003&lang=pt 
S1519-69842012010200003-scl,Do toxic cyanobacteria affect feeding and survival of the invasive bivalve golden mussel?,"Gazulha, Vanessa",Brazilian Journal of Biology; 72(1); -,Brazilian Journal of Biology,Inglês,2012,http://www.scielo.br/scielo.php?script=sci_arttext&pid=S1519-69842012010200003&lang=pt 
S1519-69842012000200004-scl,Environmental influences on the composition and structure of the freshwater mussels in shallow lakes in the Cuiabá River floodplain,"Colle, AC., Callil, CT.",Brazilian Journal of Biology; 72(2); 249-256,Brazilian Journal of Biology,Inglês,2012,http://www.scielo.br/scielo.php?script=sci_arttext&pid=S1519-69842012000200004&lang=pt 
S0044-59672003000200317-scl,The occurrence of the Asian Clam Corbicula fluminea in the lowe amazon basin,"BEASLEY, Colin Robert, TAGLIARO, Claudia Helena, FIGUEIREDO, Wilsea Batista",Acta Amazonica; 33(2); 317-324,Acta Amazonica,Inglês,2003,http://www.scielo.br/scielo.php?script=sci_arttext&pid=S0044-59672003000200317&lang=pt 
S1519-69842015000100018-scl,"How the fluctuations of water levels affect populations of invasive bivalve Corbicula fluminea (Müller, 1774) in a Neotropical reservoir?","Paschoal, LRP., Andrade, DP., Darrigran, G.",Brazilian Journal of Biology; 75(1); 135-143,Brazilian Journal of Biology,Inglês,2015,http://www.scielo.br/scielo.php?script=sci_arttext&pid=S1519-69842015000100018&lang=pt 
S0001-37652014000301373-scl,The scientific literature on Limnoperna fortunei (Dunker 1857) from 1982 to 2012,"BARBOSA, FABIANA G.",Anais da Academia Brasileira de Ciências; 86(3); 1373-1384,Anais da Academia Brasileira de Ciências,Inglês,2014,http://www.scielo.br/scielo.php?script=sci_arttext&pid=S0001-37652014000301373&lang=pt 
S1519-69842011000100020-scl,"Embryonic development of Anodontites trapesialis (Lamarck, 1819) (Bivalvia: Mycetopodidae)","Silva-Souza, AT., Guardia-Felipi, P., Arrebola, NR.",Brazilian Journal of Biology; 71(1); 139-144,Brazilian Journal of Biology,Inglês,2011,http://www.scielo.br/scielo.php?script=sci_arttext&pid=S1519-69842011000100020&lang=pt 
S0073-47212010000400003-scl,Benthic macroinvertebrates as bioindicators of water quality in an Atlantic forest fragment,"Oliveira, Augusto, Callisto, Marcos",Iheringia. Série Zoologia; 100(4); 291-300,Iheringia. Série Zoologia,Inglês,2010,http://www.scielo.br/scielo.php?script=sci_arttext&pid=S0073-47212010000400003&lang=pt 
S0073-47212010000400007-scl,"Classes de comprimento e proporção sexual em Diplodon expansus (Mollusca, Bivalvia, Hyriidae) no rio Piraquara, Paraná, Brasil","Meyer, Ana A. N., Oliveira, Edinalva, Martim, Jessica",Iheringia. Série Zoologia; 100(4); 329-335,Iheringia. Série Zoologia,Português,2010,http://www.scielo.br/scielo.php?script=sci_arttext&pid=S0073-47212010000400007&lang=pt 
S0073-47212012000400002-scl,"Space-time variation of the relative abundance of Limnoperna fortunei in deep zones of São Gonçalo Channel, Rio Grande do Sul, Brazil","Lopes, Michelle, Vieira, João",Iheringia. Série Zoologia; 102(4); 370-374,Iheringia. Série Zoologia,Inglês,2012,http://www.scielo.br/scielo.php?script=sci_arttext&pid=S0073-47212012000400002&lang=pt 
S0100-40422013000300002-scl,Bioacumulação de metais pesados e nutrientes no mexilhão dourado do reservatório da Usina Hidrelétrica de Itaipu Binacional,"Marengoni, Nilton Garcia, Klosowski, Elcio Silvério, Oliveira, Katiane Pimenta de, Chambo, Ana Paula Sartorio, Gonçalves Junior, Affonso Celso",Química Nova; 36(3); 359-363,Química Nova,Português,2013,http://www.scielo.br/scielo.php?script=sci_arttext&pid=S0100-40422013000300002&lang=pt 
S0073-47212013000100009-scl,Trophic relationships between macroinvertebrates and fish in a pampean lowland stream (Argentina),"López van Oosterom, María V., Ocón, Carolina S., Brancolini, Florencia, Maroñas, Miriam E., Sendra, Eduardo D., Rodrigues Capítulo, Alberto",Iheringia. Série Zoologia; 103(1); 57-65,Iheringia. Série Zoologia,Inglês,2013,http://www.scielo.br/scielo.php?script=sci_arttext&pid=S0073-47212013000100009&lang=pt 
S1519-69842014000200509-scl,"Modelling the risk of mortality of Corbicula fluminea (Müller, 1774) (Bivalvia: Corbiculidae) exposed to different turbidity conditions","Avelar, WEP., Neves, FF., Lavrador, MAS.",Brazilian Journal of Biology; 74(2); 509-514,Brazilian Journal of Biology,Inglês,2014,http://www.scielo.br/scielo.php?script=sci_arttext&pid=S1519-69842014000200509&lang=pt 
S1676-06032013000300213-scl,Diversidade de moluscos em riachos de uma região de encosta no extremo sul do Brasil,"Sá, Roger Lopes de, Santin, Luciani, Amaral, Aline Monique Blank do, Martello, Alcemar Rodrigues, Kotzian, Carla Bender",Biota Neotropica; 13(3); 213-221,Biota Neotropica,Português,2013,http://www.scielo.br/scielo.php?script=sci_arttext&pid=S1676-06032013000300213&lang=pt 
S1676-06032013000400299-scl,"Diversity and distribution of mollusks along the Contas River in a tropical semiarid region (Caatinga), Northeastern Brazil","Kotzian, Carla Bender, Amaral, Aline Monique Blank do",Biota Neotropica; 13(4); 299-314,Biota Neotropica,Inglês,2013,http://www.scielo.br/scielo.php?script=sci_arttext&pid=S1676-06032013000400299&lang=pt 
S1519-69842014003000023-scl,"Molecular markers for genetic diversity, gene flow and genetic population structure of freshwater mussel species","Choupina, AB, Martins, IM",Brazilian Journal of Biology; 74(3); s167-s170,Brazilian Journal of Biology,Inglês,2014,http://www.scielo.br/scielo.php?script=sci_arttext&pid=S1519-69842014003000023&lang=pt 
S0073-47212013000200001-scl,"Taxonomy, distribution and population structure of invasive Corbiculidae (Mollusca, Bivalvia) in the Suquía River basin, Córdoba, Argentina","Reyna, Paola B., Morán, Ariana G., Tatián, Marcos",Iheringia. Série Zoologia; 103(2); 77-84,Iheringia. Série Zoologia,Inglês,2013,http://www.scielo.br/scielo.php?script=sci_arttext&pid=S0073-47212013000200001&lang=pt 
S1676-06032017000300305-scl,"Freshwater mollusks and environmental assessment of Guandu River, Rio de Janeiro, Brazil","Miyahira, Igor Christo, Carneiro, Jéssica Beck, Gonçalves, Isabela Cristina Brito, Lacerda, Luiz Eduardo Macedo de, Oliveira, Jaqueline Lopes de, Vasconcelos, Mariana Castro de, Santos, Sonia Barbosa dos",Biota Neotropica; 17(3); -,Biota Neotropica,Inglês,2017,http://www.scielo.br/scielo.php?script=sci_arttext&pid=S1676-06032017000300305&lang=pt 
S1519-69842017000100191-scl,"Physiological response of invasive mussel Limnoperna fortunei (Dunker, 1857) (Bivalvia: Mytilidae) submitted to transport and experimental conditions","Cordeiro, N. I. S., Andrade, J. T. M., Montresor, L. C., Luz, D. M. R., Araújo, J. M., Martinez, C. B., Pinheiro, J., Vidigal, T. H. D. A.",Brazilian Journal of Biology; 77(1); 191-198,Brazilian Journal of Biology,Inglês,2017,http://www.scielo.br/scielo.php?script=sci_arttext&pid=S1519-69842017000100191&lang=pt 
S0044-59672020000100044-scl,"Morphology and distribution of the freshwater mussel Diplodon granosus, a rare and poorly understood species","MIYAHIRA, Igor Christo, MANSUR, Maria Cristina Dreher, PIMPÃO, Daniel Mansur, COUCEIRO, Sheyla Regina Marques, SANTOS, Sonia Barbosa dos",Acta Amazonica; 50(1); 44-53,Acta Amazonica,Inglês,2020,http://www.scielo.br/scielo.php?script=sci_arttext&pid=S0044-59672020000100044&lang=pt 
S0001-37652020000400709-scl,"Massive mortality of the giant freshwater mussel Anodontites trapesialis (Lamarck, 1819) (Bivalvia: Mycetopodidae) during a severe drought in a Neotropical reservoir","PASCHOAL, LUCAS R.P., ANDRADE, DOUGLAS P., PIMPÃO, DANIEL M., TORRES, SANTIAGO, DARRIGRAN, GUSTAVO",Anais da Academia Brasileira de Ciências; 92(); -,Anais da Academia Brasileira de Ciências,Inglês,2020,http://www.scielo.br/scielo.php?script=sci_arttext&pid=S0001-37652020000400709&lang=pt 
S2179-975X2020000100703-scl,"First record of the Asian clam Corbicula fluminea (Müller, 1774) (Bivalvia: Cyrenidae) at Poxim-Açu River, northeastern Brazil","Rosa, Leonardo Cruz da, Dantas, José Oliveira",Acta Limnologica Brasiliensia; 32(); -,Acta Limnologica Brasiliensia,Inglês,2020,http://www.scielo.br/scielo.php?script=sci_arttext&pid=S2179-975X2020000100703&lang=pt 
S2179-975X2021000100301-scl,Optimized and validated protocol to the detection of the invasive bivalve Limnoperna fortunei from eDNA plankton samples,"Ribolli, Josiane, Cassol, Sophia, Silva, Samara Hermes, Zaniboni Filho, Evoy, Zacchi, Flávia Lucena, Mattos, Jacó Joaquim, Cardoso, Grasiela Fagundes Minatto, Nuñer, Alex Pires de Oliveira",Acta Limnologica Brasiliensia; 33(); -,Acta Limnologica Brasiliensia,Inglês,2021,http://www.scielo.br/scielo.php?script=sci_arttext&pid=S2179-975X2021000100301&lang=pt 
S1980-993X2021000300304-scl,"Freshwater mollusks as proxies for assessing agrochemicals hazards in Volta Grande Reservoir, Brazil","Sene, Andressa Mendes, Rosa, Daniel Melo, Gutierre, Silvia Maria Millan, Pompeu, Paulo Santos",Revista Ambiente &amp; Água; 16(3); -,Revista Ambiente &amp; Água,Inglês,2021,http://www.scielo.br/scielo.php?script=sci_arttext&pid=S1980-993X2021000300304&lang=pt 
S1676-06032021000300502-scl,Limnoperna fortunei - Updating the geographic distribution in the Brazilian watersheds and mapping the regional occurrence in the Upper Uruguay River basin,"Hermes-Silva, Samara, Ribolli, Josiane, Ávila-Simas, Sunshine de, Zaniboni-Filho, Evoy, Cardoso, Grasiela Fagundes Minatto, Nuñer, Alex Pires de Oliveira",Biota Neotropica; 21(3); -,Biota Neotropica,Inglês,2021,http://www.scielo.br/scielo.php?script=sci_arttext&pid=S1676-06032021000300502&lang=pt 
